system,category,snr_db,pesq_wb,pesq_nb,stoi,estoi,sisdr,snr,delta_snr,segsnr
dnn2:v3_2mic,crew_babble,0.0,1.5214323163032533,2.279452311992645,0.8468624323751817,0.687132226042899,8.720402694427372,8.756371479902464,9.168548116001437,5.257647538281973
dnn2:v3_2mic,crew_babble,5.0,1.9131629049777985,2.6904181480407714,0.911462420383495,0.8041415465877224,11.942375953222637,11.645854121643358,7.835889212238103,8.132146189665212
dnn2:v3_2mic,crew_babble,10.0,2.1404587745666506,2.9001975893974303,0.9102420419746841,0.8173835646389207,14.818943691319058,14.201698493451465,7.208521428391428,9.12624445652236
dnn:hqft,crew_babble,0.0,1.115908819437027,1.525325083732605,0.6587687053898119,0.43037103146975486,0.11081504117000325,0.7086336484529382,1.120810284551911,-0.22202579718931714
dnn:hqft,crew_babble,5.0,1.2125562667846679,1.7880704283714295,0.7997198600439986,0.6071236178498205,5.502358784493637,5.712039627042292,1.9020747176370367,3.8866434589791377
dnn:hqft,crew_babble,10.0,1.4637789607048035,2.1700699031352997,0.8474217756051177,0.7072864304737301,10.75140759525742,10.556887213019284,3.5637101479592475,6.082608364566187
dnn:v3hq,crew_babble,0.0,1.120175963640213,1.5290273368358611,0.6630769261635063,0.43336798580539126,0.2737950133729539,0.8289338002511262,1.2411104363500989,-0.04967349200589146
dnn:v3hq,crew_babble,5.0,1.2137632548809052,1.7792026042938232,0.7993975314078056,0.6081472927534997,5.649416313234943,5.866137259545421,2.0561723501401667,4.18094743745049
dnn:v3hq,crew_babble,10.0,1.469106274843216,2.1794778943061828,0.8505059210835952,0.712018180691692,10.76498012074931,10.643860477350477,3.650683412290442,6.2959740422449455
dnn:v3hq_cont,crew_babble,0.0,1.1191995680332183,1.5322049975395202,0.6632414775558988,0.43272493798958206,0.279761096670706,0.8551201342574872,1.26729677035646,0.012057191798882741
dnn:v3hq_cont,crew_babble,5.0,1.2155125081539153,1.7898965716361999,0.8014088435556623,0.6104219350340567,5.6899285415016765,5.913924383579413,2.1039594741741583,4.282092246270599
dnn:v3hq_cont,crew_babble,10.0,1.4712218046188354,2.190046691894531,0.8529056706631215,0.7155381034517563,10.858392642499217,10.74128690635783,3.7481098412977936,6.376695813612554
hybrid2:v3_2mic,crew_babble,0.0,1.8225325763225555,2.599534261226654,0.8758695647351494,0.741476446321245,10.74934352311771,10.885747690329756,11.297924326428731,6.936230229179631
hybrid2:v3_2mic,crew_babble,5.0,2.095513367652893,2.832606625556946,0.9231854221338697,0.824597193412733,12.615169853025773,12.693157736207151,8.883192826801897,8.871455169409648
hybrid2:v3_2mic,crew_babble,10.0,2.260711854696274,2.963933789730072,0.9136117565393466,0.8234564952681461,14.171230287385262,14.153539418000785,7.160362352940749,9.198124665317941
hybrid:hqft,crew_babble,0.0,1.1717760682106018,1.6807630956172943,0.7365277586338956,0.5335018564091857,3.14557230277735,3.737903357999426,4.150079994098398,2.0171806632675016
hybrid:hqft,crew_babble,5.0,1.3326270699501037,1.984411895275116,0.8539561789958265,0.6957562021867457,7.7592813944210635,8.200862072778921,4.390897163373667,5.941772603006546
hybrid:hqft,crew_babble,10.0,1.5629362523555757,2.28873233795166,0.8695994402206029,0.7527863947015716,11.73496807927354,11.882074837320276,4.888897772260241,7.28513256616773
hybrid:v3hq,crew_babble,0.0,1.181539738178253,1.6791317582130432,0.7389086208788738,0.5339773883579065,3.331344740983642,3.928596576509203,4.340773212608175,2.1940801280413083
hybrid:v3hq,crew_babble,5.0,1.3427675664424896,2.001493680477142,0.8572663002916077,0.7035129112789115,8.054496155709774,8.479630479470718,4.669665570065463,6.277444886661927
hybrid:v3hq,crew_babble,10.0,1.5767040193080901,2.3120198607444764,0.8733264814563277,0.7555430810739703,11.779636929697077,11.928451601157372,4.935274536097337,7.388795939773756
hybrid:v3hq_cont,crew_babble,0.0,1.1821096003055573,1.6932208716869355,0.739302437748827,0.5360596035595674,3.3557347853312622,3.9617954617393933,4.373972097838366,2.2392373952234728
hybrid:v3hq_cont,crew_babble,5.0,1.3392268598079682,2.0108129799366,0.8591343654267956,0.7070612408769417,8.170768264333827,8.584022531941605,4.77405762253635,6.400964704352331
hybrid:v3hq_cont,crew_babble,10.0,1.589201319217682,2.327177047729492,0.8752704277890221,0.758867613598315,11.85922010201778,11.999827242305049,5.006650177245012,7.450638799414475
logmmse,crew_babble,0.0,1.0885139763355256,1.47231565117836,0.6155873235637352,0.3877087366407594,-0.26042715930538296,1.0804045509446745,1.4925811870436472,-0.963900735617319
logmmse,crew_babble,5.0,1.1503397583961488,1.6495495557785034,0.734223818134917,0.531177220806758,4.58012809096987,5.571257833597251,1.7612929241919961,2.679706190987078
logmmse,crew_babble,10.0,1.2841294944286346,1.8892041563987731,0.7742835850225395,0.6061088450635437,8.044487020290173,8.675545914419567,1.682368849359532,4.237959108801197
primary,crew_babble,0.0,1.0900465309619904,1.507686585187912,0.6547911486216245,0.39839208518911645,-0.43534810055707246,-0.4121766360989727,0.0,-2.349506885232265
primary,crew_babble,5.0,1.1271837055683136,1.6051772654056549,0.7663818433361387,0.5362843572363355,3.8278290497069145,3.809964909405255,0.0,0.808434907886264
primary,crew_babble,10.0,1.1462234139442444,1.6941057980060577,0.7993799765728441,0.6038510287946969,7.014429623590658,6.993177065060036,0.0,1.933744241187346
