system,snr,band,speech_share_%,bandSNR_in,bandSNR_out,LSD_dB
dancnet_hq_metric,-5,0-500,53.478927924100034,-7.337190857624355,6.382628971870186,9.63681600178006
dancnet_hq_metric,-5,500-1000,27.95397758560771,-1.6979367498111275,8.226396985079402,8.260500123762002
dancnet_hq_metric,-5,1000-2000,9.19997054258915,-5.544005511761979,7.486740578786221,8.817227093967343
dancnet_hq_metric,-5,2000-3150,3.0207106928374734,-8.39574893845279,4.41858682062057,8.874774938773909
dancnet_hq_metric,-5,3150-4500,3.462914989844515,-6.725866729524835,4.033650761972068,8.883205025693373
dancnet_hq_metric,-5,4500-5500,1.2252320814258235,-8.387879555704716,6.741608193602589,8.751988459871663
dancnet_hq_metric,-5,5500-7000,1.2110465503663026,-7.7691169976386165,9.467823223277795,8.538989588514328
dancnet_hq_metric,-5,7000-8000,0.4472196332289869,-7.735427811598836,11.250818107675073,7.19348440846224
dancnet_hq_metric,0,0-500,56.37469663666746,-2.4192956605996465,9.554279906923663,8.892670753133581
dancnet_hq_metric,0,500-1000,23.451986716935544,1.7426071512092165,11.799389557426858,7.3925122626738675
dancnet_hq_metric,0,1000-2000,7.612218053439029,-2.0798291580553023,9.975556999769124,7.733198823860735
dancnet_hq_metric,0,2000-3150,4.049745419833999,-2.682878767053843,8.55620489257105,7.663761180816227
dancnet_hq_metric,0,3150-4500,4.5068446341892825,0.6149918470767097,11.427707686033635,7.611940272507072
dancnet_hq_metric,0,4500-5500,2.180301176270596,-0.24732179163097584,13.604056448617444,7.6160109821904465
dancnet_hq_metric,0,5500-7000,1.2136429682793994,-3.256411510140838,12.375863066659626,7.724860711114491
dancnet_hq_metric,0,7000-8000,0.6105643943846821,-1.7402849664936317,15.164911117609847,6.55306861985479
dancnet_hq_metric,5,0-500,59.31124474105989,3.7836559906018845,12.229247819299285,6.9342466232816
dancnet_hq_metric,5,500-1000,26.24826361902137,6.879125400076623,14.380726023241374,6.632048443868423
dancnet_hq_metric,5,1000-2000,7.011950160615916,2.7773793257307116,12.261580631547346,7.035635682678057
dancnet_hq_metric,5,2000-3150,2.692041912707807,2.6926812676886143,11.023155812355643,6.6466713155414805
dancnet_hq_metric,5,3150-4500,2.3483150054705457,2.6047596238508013,11.79162611993763,6.799386196533549
dancnet_hq_metric,5,4500-5500,1.275956996748442,1.899356489216879,13.237964912793174,6.673550612719333
dancnet_hq_metric,5,5500-7000,0.7241132022246168,-0.6814719899289026,11.38982831589999,6.320158076964658
dancnet_hq_metric,5,7000-8000,0.38811436215141165,1.838896280437091,14.428088354110846,5.2584825601916725
dancnet_hq_metric,15,0-500,50.62969331068671,12.569623987370338,17.706498832172855,5.913182394953408
dancnet_hq_metric,15,500-1000,29.122526076754852,17.885344392445976,21.332221956626817,4.877794967854061
dancnet_hq_metric,15,1000-2000,9.321727025543256,13.116300651662398,18.769379032540638,5.26153854971119
dancnet_hq_metric,15,2000-3150,4.191283133695397,11.779381273601388,17.982147273925214,5.076223621153434
dancnet_hq_metric,15,3150-4500,4.491090064639733,13.65117876002958,20.132444841307773,5.0907334281092975
dancnet_hq_metric,15,4500-5500,1.362032220846808,9.61641832518511,17.276887758871982,5.696306474823798
dancnet_hq_metric,15,5500-7000,0.5856798181225225,6.719950810796947,17.347454542600737,5.765507945326397
dancnet_hq_metric,15,7000-8000,0.2959683497107139,7.267027473605352,20.483444943551817,4.8838008546159575
dancnet_v3hq,-5,0-500,53.478927924100034,-7.337190857624355,6.500931824384912,9.67547813605647
dancnet_v3hq,-5,500-1000,27.95397758560771,-1.6979367498111275,8.447245218578699,8.318540619196277
dancnet_v3hq,-5,1000-2000,9.19997054258915,-5.544005511761979,7.5815938486262135,8.809566899910905
dancnet_v3hq,-5,2000-3150,3.0207106928374734,-8.39574893845279,4.433073069391653,8.84851189703511
dancnet_v3hq,-5,3150-4500,3.462914989844515,-6.725866729524835,4.076832711880444,8.956991695453498
dancnet_v3hq,-5,4500-5500,1.2252320814258235,-8.387879555704716,6.739662446407973,8.79335139769528
dancnet_v3hq,-5,5500-7000,1.2110465503663026,-7.7691169976386165,9.417587352394289,8.56149160183945
dancnet_v3hq,-5,7000-8000,0.4472196332289869,-7.735427811598836,11.365368980384067,7.331948372872738
dancnet_v3hq,0,0-500,56.37469663666746,-2.4192956605996465,9.8543468307929,8.850093363831226
dancnet_v3hq,0,500-1000,23.451986716935544,1.7426071512092165,11.897591387939144,7.4737480450180795
dancnet_v3hq,0,1000-2000,7.612218053439029,-2.0798291580553023,10.062995204017515,7.7260448659073955
dancnet_v3hq,0,2000-3150,4.049745419833999,-2.682878767053843,8.75557010332065,7.639584860822666
dancnet_v3hq,0,3150-4500,4.5068446341892825,0.6149918470767097,11.822739842836787,7.683223962947809
dancnet_v3hq,0,4500-5500,2.180301176270596,-0.24732179163097584,13.9811716686099,7.659841532049724
dancnet_v3hq,0,5500-7000,1.2136429682793994,-3.256411510140838,12.509148031832753,7.852536091066997
dancnet_v3hq,0,7000-8000,0.6105643943846821,-1.7402849664936317,15.395595669795219,6.883780340329129
dancnet_v3hq,5,0-500,59.31124474105989,3.7836559906018845,12.466775721502078,6.901509864886803
dancnet_v3hq,5,500-1000,26.24826361902137,6.879125400076623,14.789808955409004,6.63611300774597
dancnet_v3hq,5,1000-2000,7.011950160615916,2.7773793257307116,12.51187954430993,7.052399997850898
dancnet_v3hq,5,2000-3150,2.692041912707807,2.6926812676886143,11.026444494229203,6.588696734953835
dancnet_v3hq,5,3150-4500,2.3483150054705457,2.6047596238508013,11.757009001807258,6.885199072843614
dancnet_v3hq,5,4500-5500,1.275956996748442,1.899356489216879,13.478707244685129,6.792051086403568
dancnet_v3hq,5,5500-7000,0.7241132022246168,-0.6814719899289026,11.827686504011623,6.424191485697265
dancnet_v3hq,5,7000-8000,0.38811436215141165,1.838896280437091,14.911756739592567,5.454689274330599
dancnet_v3hq,15,0-500,50.62969331068671,12.569623987370338,18.27691203042289,5.914928126217883
dancnet_v3hq,15,500-1000,29.122526076754852,17.885344392445976,21.488884243792498,5.0197404519777
dancnet_v3hq,15,1000-2000,9.321727025543256,13.116300651662398,18.834694185810488,5.361059465920556
dancnet_v3hq,15,2000-3150,4.191283133695397,11.779381273601388,18.00176228364427,5.130438425037737
dancnet_v3hq,15,3150-4500,4.491090064639733,13.65117876002958,20.140149170764957,5.187301026413252
dancnet_v3hq,15,4500-5500,1.362032220846808,9.61641832518511,17.440026766532533,5.8119575405641974
dancnet_v3hq,15,5500-7000,0.5856798181225225,6.719950810796947,17.99310492641253,5.95341002639291
dancnet_v3hq,15,7000-8000,0.2959683497107139,7.267027473605352,20.934447834915733,5.2999218536200905
