case,system,pesq_wb,pesq_nb,stoi,estoi,sisdr,snr,attenuation_db,recovery_stoi,recovery_pesq_wb
clip_heavy,dancnet:abl_base,1.707,2.428,0.885,0.781,8.782,9.052,,,
clip_heavy,dancnet:abl_crm,1.749,2.451,0.887,0.786,9.116,9.315,,,
clip_heavy,dancnet:abl_ema,1.757,2.445,0.888,0.783,9.295,9.575,,,
clip_heavy,dancnet:hq_metric,2.13,2.827,0.915,0.83,10.604,10.699,,,
clip_heavy,dancnet:ll,1.981,2.674,0.902,0.812,9.863,9.985,,,
clip_heavy,dancnet:v3hq,2.159,2.908,0.917,0.833,11.331,11.387,,,
clip_heavy,dancnet:v3hq_cont,2.19,2.925,0.919,0.836,11.397,11.452,,,
clip_heavy,dancnet:v3ll,1.996,2.706,0.905,0.816,10.441,10.562,,,
clip_heavy,logmmse,1.296,1.823,0.794,0.665,1.941,3.191,,,
clip_heavy,noisy,1.313,1.773,0.815,0.68,1.489,2.4,,,
crew_babble,dancnet:abl_base,1.203,1.66,0.735,0.551,3.831,4.336,,,
crew_babble,dancnet:abl_crm,1.21,1.666,0.737,0.554,3.953,4.276,,,
crew_babble,dancnet:abl_ema,1.207,1.652,0.736,0.552,3.837,4.354,,,
crew_babble,dancnet:hq_metric,1.235,1.737,0.749,0.567,4.274,4.578,,,
crew_babble,dancnet:ll,1.229,1.707,0.741,0.562,4.121,4.444,,,
crew_babble,dancnet:v3hq,1.239,1.743,0.75,0.569,4.335,4.657,,,
crew_babble,dancnet:v3hq_cont,1.25,1.754,0.753,0.572,4.39,4.722,,,
crew_babble,dancnet:v3ll,1.238,1.716,0.744,0.565,4.195,4.486,,,
crew_babble,logmmse,1.147,1.59,0.693,0.505,3.391,4.384,,,
crew_babble,noisy,1.105,1.533,0.725,0.511,2.413,2.424,,,
hum400,dancnet:abl_base,1.815,2.394,0.899,0.787,8.662,9.222,,,
hum400,dancnet:abl_crm,1.87,2.419,0.898,0.783,8.582,9.109,,,
hum400,dancnet:abl_ema,1.896,2.451,0.903,0.795,8.912,9.435,,,
hum400,dancnet:hq_metric,2.442,3.07,0.936,0.855,12.142,12.079,,,
hum400,dancnet:ll,2.298,2.969,0.928,0.842,11.275,11.374,,,
hum400,dancnet:v3hq,2.509,3.172,0.939,0.859,12.011,11.99,,,
hum400,dancnet:v3hq_cont,2.552,3.198,0.94,0.862,12.271,12.206,,,
hum400,dancnet:v3ll,2.385,3.061,0.931,0.848,11.47,11.56,,,
hum400,logmmse,1.493,2.019,0.85,0.709,8.354,8.812,,,
hum400,noisy,1.225,1.695,0.825,0.632,1.395,1.399,,,
level_high,dancnet:abl_base,2.12,2.841,0.924,0.824,13.033,13.075,,,
level_high,dancnet:abl_crm,2.139,2.864,0.925,0.826,13.08,13.002,,,
level_high,dancnet:abl_ema,2.128,2.828,0.925,0.825,13.177,13.203,,,
level_high,dancnet:hq_metric,2.615,3.269,0.947,0.87,15.361,15.058,,,
level_high,dancnet:ll,2.455,3.129,0.94,0.857,14.573,14.103,,,
level_high,dancnet:v3hq,2.679,3.332,0.948,0.873,15.381,15.17,,,
level_high,dancnet:v3hq_cont,2.706,3.356,0.949,0.875,15.285,15.135,,,
level_high,dancnet:v3ll,2.456,3.141,0.941,0.859,14.346,14.008,,,
level_high,logmmse,1.408,2.176,0.849,0.698,8.099,8.611,,,
level_high,noisy,1.262,1.935,0.865,0.701,6.571,6.569,,,
level_low,dancnet:abl_base,1.985,2.715,0.887,0.778,11.646,11.798,,,
level_low,dancnet:abl_crm,2.001,2.74,0.889,0.782,11.657,11.626,,,
level_low,dancnet:abl_ema,1.991,2.732,0.889,0.782,11.779,11.981,,,
level_low,dancnet:hq_metric,2.456,3.157,0.919,0.831,13.675,13.497,,,
level_low,dancnet:ll,2.311,3.017,0.91,0.819,13.094,12.801,,,
level_low,dancnet:v3hq,2.501,3.184,0.922,0.835,13.823,13.726,,,
level_low,dancnet:v3hq_cont,2.526,3.206,0.923,0.838,13.993,13.918,,,
level_low,dancnet:v3ll,2.306,3.015,0.912,0.821,12.98,12.824,,,
level_low,logmmse,1.4,2.128,0.802,0.654,5.843,6.508,,,
level_low,noisy,1.305,1.974,0.815,0.651,4.23,4.218,,,
long_stream,dancnet:abl_base,1.948,2.592,0.9,0.799,10.271,10.597,,,
long_stream,dancnet:abl_crm,1.964,2.637,0.901,0.804,10.394,10.605,,,
long_stream,dancnet:abl_ema,1.976,2.626,0.902,0.805,10.335,10.652,,,
long_stream,dancnet:hq_metric,2.486,3.125,0.93,0.854,12.398,12.275,,,
long_stream,dancnet:ll,2.302,2.983,0.919,0.838,11.642,11.491,,,
long_stream,dancnet:v3hq,2.519,3.176,0.933,0.858,12.594,12.594,,,
long_stream,dancnet:v3hq_cont,2.555,3.199,0.935,0.862,12.698,12.689,,,
long_stream,dancnet:v3ll,2.314,3.005,0.923,0.844,11.842,11.768,,,
long_stream,logmmse,1.276,1.878,0.823,0.681,4.059,4.781,,,
long_stream,noisy,1.16,1.666,0.836,0.679,2.83,2.795,,,
noise_only,dancnet:abl_base,,,,,,,27.086,,
noise_only,dancnet:abl_crm,,,,,,,27.367,,
noise_only,dancnet:abl_ema,,,,,,,27.854,,
noise_only,dancnet:hq_metric,,,,,,,40.329,,
noise_only,dancnet:ll,,,,,,,36.918,,
noise_only,dancnet:v3hq,,,,,,,42.05,,
noise_only,dancnet:v3hq_cont,,,,,,,42.983,,
noise_only,dancnet:v3ll,,,,,,,35.254,,
noise_only,logmmse,,,,,,,4.298,,
noise_only,noisy,,,,,,,0.0,,
noise_switch,dancnet:abl_base,1.669,2.325,0.866,0.736,9.476,9.865,,,
noise_switch,dancnet:abl_crm,1.673,2.36,0.868,0.743,9.598,9.857,,,
noise_switch,dancnet:abl_ema,1.679,2.32,0.868,0.738,9.612,9.999,,,
noise_switch,dancnet:hq_metric,2.019,2.751,0.901,0.792,11.195,11.151,,,
noise_switch,dancnet:ll,1.891,2.612,0.89,0.776,10.677,10.619,,,
noise_switch,dancnet:v3hq,2.073,2.822,0.903,0.796,11.447,11.473,,,
noise_switch,dancnet:v3hq_cont,2.089,2.849,0.905,0.799,11.481,11.506,,,
noise_switch,dancnet:v3ll,1.885,2.638,0.892,0.779,10.69,10.689,,,
noise_switch,logmmse,1.151,1.719,0.756,0.575,2.622,3.579,,,
noise_switch,noisy,1.117,1.639,0.777,0.585,1.561,1.541,,,
post_blast,dancnet:abl_base,1.743,2.576,0.871,0.758,9.334,9.841,,0.796,1.603
post_blast,dancnet:abl_crm,1.735,2.606,0.872,0.763,9.449,9.858,,0.795,1.59
post_blast,dancnet:abl_ema,1.796,2.59,0.869,0.754,9.486,9.979,,0.796,1.646
post_blast,dancnet:hq_metric,2.102,2.996,0.906,0.813,11.49,11.596,,0.835,1.997
post_blast,dancnet:ll,1.999,2.856,0.895,0.799,10.682,10.72,,0.82,1.801
post_blast,dancnet:v3hq,2.127,3.037,0.909,0.818,11.528,11.677,,0.839,2.016
post_blast,dancnet:v3hq_cont,2.157,3.055,0.911,0.821,11.645,11.79,,0.841,2.042
post_blast,dancnet:v3ll,2.027,2.873,0.898,0.802,10.747,10.885,,0.827,1.84
post_blast,logmmse,1.113,1.683,0.747,0.613,-7.692,-7.09,,0.663,1.114
post_blast,noisy,1.101,1.583,0.759,0.614,-7.439,-7.435,,0.669,1.098
radio_band,dancnet:abl_base,2.425,2.805,0.921,0.834,14.205,14.218,,,
radio_band,dancnet:abl_crm,2.417,2.801,0.926,0.841,14.676,14.452,,,
radio_band,dancnet:abl_ema,2.372,2.754,0.924,0.837,14.291,14.316,,,
radio_band,dancnet:hq_metric,2.693,3.095,0.944,0.869,16.387,16.059,,,
radio_band,dancnet:ll,2.339,2.817,0.924,0.836,14.789,14.499,,,
radio_band,dancnet:v3hq,2.759,3.106,0.948,0.881,16.616,16.419,,,
radio_band,dancnet:v3hq_cont,2.784,3.13,0.949,0.883,16.522,16.368,,,
radio_band,dancnet:v3ll,2.613,2.974,0.941,0.868,15.359,15.019,,,
radio_band,logmmse,2.109,2.483,0.871,0.762,10.37,10.66,,,
radio_band,noisy,1.989,2.27,0.895,0.79,9.895,9.901,,,
reverb_cabin,dancnet:abl_base,1.802,2.5,0.855,0.714,9.123,9.515,,,
reverb_cabin,dancnet:abl_crm,1.812,2.504,0.857,0.717,9.295,9.442,,,
reverb_cabin,dancnet:abl_ema,1.819,2.51,0.857,0.716,9.265,9.66,,,
reverb_cabin,dancnet:hq_metric,2.068,2.745,0.877,0.75,10.206,10.277,,,
reverb_cabin,dancnet:ll,1.966,2.663,0.868,0.736,9.86,9.818,,,
reverb_cabin,dancnet:v3hq,2.079,2.776,0.878,0.751,10.33,10.521,,,
reverb_cabin,dancnet:v3hq_cont,2.1,2.789,0.88,0.754,10.409,10.613,,,
reverb_cabin,dancnet:v3ll,1.994,2.697,0.87,0.739,10.035,10.076,,,
reverb_cabin,logmmse,1.404,2.092,0.794,0.616,6.533,7.193,,,
reverb_cabin,noisy,1.233,1.887,0.81,0.612,4.184,4.098,,,
